Name,Team,Required_class,level_of_comfort_in_unfamiliar_environments,level_of_comfort_under_pressure,level_of_comfort_exper_failures,know_MOOC,know_maker_movement,know_makerspace,concern_with_digital_privacy,experience_with_prototypes,consider_prototyping_important,experience_with_digital_collab,know_cryptocurrencies,used_cryptocurrencies,know_constitution,consider_constitution_challenging,consider_social_contracts_important,consider_necessary_protect_ip,know_open_licenses,used_licenses_to_protect_ip,used_trademarks_to_protect_ip,used_patents_to_protect_ip,received_royaltees_ip
Q1_名字 Name,Q3_小组 Team,Q4_本次课程对你来说是必修课吗？Were you required to take this class?,Q5_当你在不熟悉的环境下工作时，你的适应程度如何？Please indicate your level of comfort when working in unfamiliar environments.,Q6_当你在压力下工作时，你的适应程度如何？Please indicate your level of comfort when working under pressure.,Q7_当你经历失败时，你的适应程度如何？Please indicate your level of comfort with experiencing failures.,Q8_请指出你对群体学习资源的熟悉程度Please indicate your familiarity with the following crowdlearning resources:0 - 完全不熟悉 Not familiar at all10 - 非常熟悉 Extremely familiar_大规模开放在线课堂MOOCs,Q8_请指出你对群体学习资源的熟悉程度Please indicate your familiarity with the following crowdlearning resources:0 - 完全不熟悉 Not familiar at all10 - 非常熟悉 Extremely familiar_创客运动Makers movement,Q8_请指出你对群体学习资源的熟悉程度Please indicate your familiarity with the following crowdlearning resources:0 - 完全不熟悉 Not familiar at all10 - 非常熟悉 Extremely familiar_创客空间Makerspaces,Q9_你对你的数字隐私关注度How concerned are you about your digital privacy?,Q10_你对产品原型开发的经验是什么？What is your experience with prototypes for developing a product?,Q11_我认为原型设计是产品开发的一个重要阶段 1-100 不同意-同意I consider prototyping an important stage in product development,Q12_你与项目组的工作，大多数的合作是通过数字化或通过互联网进行的吗？What is your experience with working in group projects where most of collaboration was conducted digitally/over internet?,Q13_请描述你对加密货币的熟悉程度Please indicate your familiarity with cryptocurrencies,Q14_我使用加密货币买入/卖出的产品或服务I used cryptocurrencies to buy/sell products or services,Q15_我知道什么是“宪章”I know what a 'constitution' is.,Q16_我认为写一部宪法是精神上的挑战。I consider writing a constitution mentally challenging.,Q17_我认为社会契约对我的未来生活很重要。I consider social contracts important to my future life.,Q18_我认为有必要保护知识产权。I consider it is necessary to protect intellectual property.,"Q19_你对现有的开放式许可熟悉吗？如（GNU, MIT, CreativeCommons等）How familiar are you with existing Open Licenses (e.g. GNU, MIT, CreativeCommons, etc)",Q20_矩阵单选题_我已经使用许可证来保护我的知识产权。I have used licenses to protect my intellectual property.,Q20_矩阵单选题_我已经使用商标来保护我的知识产权。I have used trademarks to protect my intellectual property.,Q20_矩阵单选题_我已经用专利来保护我的知识产权。I have used patents to protect my intellectual property.,Q20_矩阵单选题_我从我的知识产权许可证收到专利费I received royalties from licensing my IP.
艾尼亚尔·艾力汗木,6,No,4,6,8,0,0,0,6,0,9,3,0,3,8,10,9,9,0,No,No,No,No
陈逸鹏,1,No,6,6,8,8,4,4,4,0,4,6,0,6,6,6,6,10,0,No,No,No,No
陈煜,2,Yes,5,5,4,2,2,2,4,4,8,7,5,5,2,2,8,10,5,No,No,No,No
单子毓,8,No,7,7,7,3,3,3,8,0,6,3,0,6,4,7,9,9,0,No,No,No,No
杜迎霜,7,No,8,10,4,4,5,4,7,3,10,7,4,6,9,10,8,10,7,No,No,No,No
高畅,7,No,8,7,7,9,7,7,9,0,6,10,3,2,6,8,10,10,5,No,No,No,No
贺琪,6,No,5,7,3,3,2,2,8,3,8,9,7,5,4,7,7,7,7,No,No,No,No
黄伟智,5,Yes,3,6,8,2,0,0,2,2,9,0,0,5,0,10,4,10,0,No,No,No,No
黄馨仪,5,No,7,5,3,7,2,1,7,7,9,4,5,0,0,7,7,9,7,No,No,No,No
李凯文,3,No,5,7,7,7,3,4,7,2,9,5,2,4,3,10,9,10,0,No,No,No,No
李奇钟,6,No,6,9,6,0,0,0,1,0,8,2,2,1,4,8,7,10,0,No,No,No,No
李强,4,No,8,6,3,8,3,3,6,0,8,9,3,0,1,5,8,10,10,No,No,No,No
李思宇,2,No,7,5,10,4,0,0,2,0,8,4,4,2,1,10,10,8,2,No,No,No,No
刘佳慧,5,No,4,8,8,5,1,1,7,4,8,5,3,5,7,7,8,8,5,No,No,No,No
刘思琪,2,No,5,4,7,4,3,2,2,6,9,5,2,0,3,7,8,10,1,No,No,No,No
卢晟昊,4,No,6,10,8,6,4,4,5,2,8,7,3,3,6,2,9,8,6,No,No,No,No
马晓健,7,No,10,8,7,10,8,8,4,8,10,3,3,2,8,10,8,10,5,Yes,Yes,Yes,No
门天立,3,No,8,8,9,8,4,4,6,0,7,8,5,5,7,8,8,8,8,No,No,No,No
倪锐晨,3,Yes,8,7,8,2,5,6,10,7,10,6,0,0,6,10,10,10,10,No,No,No,No
孙敬源,2,No,5,7,7,3,2,2,5,3,8,4,2,2,0,10,7,10,0,No,No,No,No
王骞,4,Yes,8,9,6,9,7,8,10,3,10,0,6,0,9,8,10,10,8,No,No,No,No
王荔妍,1,No,8,8,8,10,6,6,10,0,10,8,8,8,8,8,10,10,9,Yes,No,No,No
邬军,6,No,6,7,8,3,4,4,10,3,8,8,8,6,7,6,10,10,6,No,No,No,No
肖飞宇,3,Yes,8,8,7,8,7,8,7,5,7,7,5,5,9,8,8,9,5,No,No,No,No
杨昊光,4,No,9,8,9,8,7,6,10,6,10,9,8,9,7,7,8,9,9,No,No,No,No
周大桐,1,No,5,9,10,0,0,0,6,7,10,3,3,5,5,8,10,8,1,No,No,No,No
周昊宸,7,Yes,2,3,7,2,0,0,7,0,9,6,1,4,5,7,6,8,2,No,No,No,No
周子淞,5,No,3,5,7,4,1,3,3,0,8,7,2,4,5,7,1,10,3,Yes,Yes,Yes,No
朱子霖,5,No,7,7,7,7,6,6,5,5,8,8,5,7,5,7,8,10,3,No,No,No,No
邹旭,8,Yes,10,10,10,0,0,0,2,3,10,9,9,0,5,0,7,2,0,No,No,No,No
